<edmx:Edmx xmlns:edmx="http://docs.oasis-open.org/odata/ns/edmx" Version="4.0">
	<edmx:Reference Uri="/sap/opu/odata/sap/YHACK_MONI_HEALTH_SRV/$metadata">
		<edmx:Include Alias="Metadata" Namespace="YHACK_MONI_HEALTH_SRV"/>
	</edmx:Reference>
	<edmx:Reference Uri="https://wiki.scn.sap.com/wiki/download/attachments/448470968/UI.xml?api=v2">
		<edmx:Include Alias="UI" Namespace="com.sap.vocabularies.UI.v1"/>
	</edmx:Reference>
	<edmx:DataServices>
		<Schema xmlns="http://docs.oasis-open.org/odata/ns/edm" Namespace="YHACk_HEALTH_MONITOR.annotations.annotation0.YHACK_MONI_HEALTH_SRV">
			<Annotations Target="Metadata.HealthRecord">
				<Annotation Term="UI.LineItem">
					<Collection>
						<Record Type="UI.DataField">
							<PropertyValue Property="Value" Path="EmpId"/>
						</Record>
						<Record Type="UI.DataField">
							<PropertyValue Property="Value" Path="EmpName"/>
						</Record>
						<Record Type="UI.DataField">
							<PropertyValue Property="Value" Path="EmpMailid"/>
						</Record>
						<Record Type="UI.DataField">
							<PropertyValue Property="Value" Path="EmpMobno"/>
						</Record>
						<Record Type="UI.DataField">
							<PropertyValue Property="Value" Path="HealthDet"/>
						</Record>
						<Record Type="UI.DataField">
							<PropertyValue Property="Value" Path="HealthStatus"/>
						</Record>
					</Collection>
				</Annotation>
				<Annotation Term="UI.Chart">
					<Record Type="UI.ChartDefinitionType">
						<PropertyValue Property="ChartType" EnumMember="UI.ChartType/Column"/>
						<PropertyValue Property="Measures">
							<Collection>
								<PropertyPath>HealthStatus</PropertyPath>
							</Collection>
						</PropertyValue>
						<PropertyValue Property="MeasureAttributes">
							<Collection>
								<Record Type="UI.ChartMeasureAttributeType">
									<PropertyValue Property="Measure" PropertyPath="HealthStatus"/>
									<PropertyValue Property="Role" EnumMember="UI.ChartMeasureRoleType/Axis1"/>
								</Record>
							</Collection>
						</PropertyValue>
						<PropertyValue Property="Dimensions">
							<Collection>
								<PropertyPath>EmpId</PropertyPath>
							</Collection>
						</PropertyValue>
						<PropertyValue Property="DimensionAttributes">
							<Collection>
								<Record Type="UI.ChartDimensionAttributeType">
									<PropertyValue Property="Dimension" PropertyPath="EmpId"/>
									<PropertyValue Property="Role" EnumMember="UI.ChartDimensionRoleType/Category"/>
								</Record>
							</Collection>
						</PropertyValue>
					</Record>
				</Annotation>
			</Annotations>
		</Schema>
	</edmx:DataServices>
</edmx:Edmx>