<edmx:Edmx xmlns:edmx="http://schemas.microsoft.com/ado/2007/06/edmx"
	xmlns:m="http://schemas.microsoft.com/ado/2007/08/dataservices/metadata" xmlns:sap="http://www.sap.com/Protocols/SAPData" Version="1.0">
	<edmx:DataServices m:DataServiceVersion="2.0">
		<Schema xmlns="http://schemas.microsoft.com/ado/2008/09/edm" Namespace="YHACK_MONI_HEALTH_SRV" xml:lang="en" sap:schema-version="1">
			<EntityType Name="HealthRecord" sap:content-version="1">
				<Key><PropertyRef Name="EmpId"/></Key><Property Name="EmpId" Type="Edm.String" Nullable="false" MaxLength="10" sap:unicode="false" sap:label="Employee ID" sap:creatable="false"
					sap:updatable="false" sap:sortable="false" sap:filterable="false"/><Property Name="EmpName" Type="Edm.String" Nullable="false" MaxLength="40" sap:unicode="false" sap:label="Employee Name"
					sap:creatable="false" sap:updatable="false" sap:sortable="false" sap:filterable="false"/><Property Name="EmpMailid" Type="Edm.String" Nullable="false" MaxLength="255" sap:unicode="false" sap:label="Mail ID" sap:creatable="false"
					sap:updatable="false" sap:sortable="false" sap:filterable="false"/><Property Name="EmpMobno" Type="Edm.String" Nullable="false" MaxLength="30" sap:unicode="false" sap:label="Telephone" sap:creatable="false"
					sap:updatable="false" sap:sortable="false" sap:filterable="false"/><Property Name="HealthDet" Type="Edm.String" Nullable="false" MaxLength="255" sap:unicode="false" sap:label="Health Details"
					sap:creatable="false" sap:updatable="false" sap:sortable="false" sap:filterable="false"/><Property Name="HealthStatus" Type="Edm.Byte" Nullable="false" sap:unicode="false" sap:label="Health Status code" sap:creatable="false"
					sap:updatable="false" sap:sortable="false" sap:filterable="false"/></EntityType>
			<EntityContainer Name="YHACK_MONI_HEALTH_SRV_Entities" m:IsDefaultEntityContainer="true" sap:supported-formats="atom json xlsx"><EntitySet Name="HealthRecordSet" EntityType="YHACK_MONI_HEALTH_SRV.HealthRecord" sap:creatable="false" sap:updatable="false"
				sap:deletable="false" sap:pageable="false" sap:content-version="1"/></EntityContainer><atom:link xmlns:atom="http://www.w3.org/2005/Atom" rel="self" href="./sap/YHACK_MONI_HEALTH_SRV/$metadata"/><atom:link xmlns:atom="http://www.w3.org/2005/Atom" rel="latest-version" href="./sap/YHACK_MONI_HEALTH_SRV/$metadata"/></Schema>
	</edmx:DataServices>
</edmx:Edmx>